Market / Stock,Matching Values,Correlation,P-Value
NASDAQ,73.84105960264901,0.4753,0.0
S&P500,71.8543046357616,0.4339,0.0
NYSE,69.3069306930693,0.3823,0.0
