Market / Stock,Matching Values,Correlation,P-Value
NASDAQ,68.0987040653293,0.371,0.0
S&P500,65.76424640511273,0.3204,0.0
NYSE,64.2407029377829,0.2897,0.0
