Market / Stock,Matching Values,Correlation,P-Value
NASDAQ,72.07735130383827,0.4436,0.0
S&P500,69.93847055376501,0.4,0.0
NYSE,68.93218104584737,0.3796,0.0
