Market / Stock,Matching Values,Correlation,P-Value
NASDAQ,72.66015718028102,0.4489,0.0
S&P500,73.7794713026911,0.4721,0.0
NYSE,72.04761904761905,0.4379,0.0
