Market / Stock,Matching Values,Correlation,P-Value
NASDAQ,74.01938163359483,0.4796,0.0
S&P500,69.49700046146747,0.3888,0.0
NYSE,66.31805598277452,0.3251,0.0
